{
  "IcoMoonType": "selection",
  "icons": [
    {
      "icon": {
        "paths": [
          "M426.667 874.666v-256h170.667v256h213.333v-341.333h128l-426.667-384-426.667 384h128v341.333z"
        ],
        "attrs": [],
        "isMulticolor": false,
        "isMulticolor2": false,
        "tags": [
          "home"
        ],
        "defaultCode": 59392,
        "grid": 0
      },
      "attrs": [],
      "properties": {
        "id": 1,
        "order": 17,
        "ligatures": "home",
        "prevSize": 32,
        "code": 59392,
        "name": "home"
      },
      "setIdx": 0,
      "setId": 0,
      "iconIdx": 0
    },
    {
      "icon": {
        "paths": [
          "M511.999 512c94.293 0 170.667-76.373 170.667-170.667s-76.373-170.667-170.667-170.667-170.667 76.373-170.667 170.667 76.373 170.667 170.667 170.667zM511.999 597.333c-113.92 0-341.333 57.173-341.333 170.667v85.333h682.667v-85.333c0-113.493-227.413-170.667-341.333-170.667z"
        ],
        "attrs": [],
        "isMulticolor": false,
        "isMulticolor2": false,
        "tags": [
          "person"
        ],
        "defaultCode": 59393,
        "grid": 0
      },
      "attrs": [],
      "properties": {
        "id": 2,
        "order": 16,
        "ligatures": "person",
        "prevSize": 32,
        "code": 59393,
        "name": "person"
      },
      "setIdx": 0,
      "setId": 0,
      "iconIdx": 1
    },
    {
      "icon": {
        "paths": [
          "M874.667 128l-6.827 1.28-227.84 88.32-256-89.6-240.64 81.067c-8.96 2.987-15.36 10.667-15.36 20.48v645.12c0 11.947 9.387 21.333 21.333 21.333l6.827-1.28 227.84-88.32 256 89.6 240.64-81.067c8.96-2.987 15.36-10.667 15.36-20.48v-645.12c0-11.947-9.387-21.333-21.333-21.333zM640 810.667l-256-90.027v-507.307l256 90.027v507.307z"
        ],
        "attrs": [],
        "isMulticolor": false,
        "isMulticolor2": false,
        "tags": [
          "map"
        ],
        "defaultCode": 59394,
        "grid": 0
      },
      "attrs": [],
      "properties": {
        "id": 3,
        "order": 15,
        "ligatures": "map",
        "prevSize": 32,
        "code": 59394,
        "name": "map"
      },
      "setIdx": 0,
      "setId": 0,
      "iconIdx": 2
    },
    {
      "icon": {
        "paths": [
          "M282.453 460.373c61.44 120.747 160.427 219.307 281.173 281.173l93.867-93.867c11.52-11.52 28.587-15.36 43.52-10.24 47.787 15.787 99.413 24.32 152.32 24.32 23.467 0 42.667 19.2 42.667 42.667v148.907c0 23.467-19.2 42.667-42.667 42.667-400.64 0-725.333-324.693-725.333-725.333 0-23.467 19.2-42.667 42.667-42.667h149.333c23.467 0 42.667 19.2 42.667 42.667 0 53.333 8.533 104.533 24.32 152.32 4.693 14.933 1.28 31.573-10.667 43.52l-93.867 93.867z"
        ],
        "attrs": [],
        "isMulticolor": false,
        "isMulticolor2": false,
        "tags": [
          "call"
        ],
        "defaultCode": 59395,
        "grid": 0
      },
      "attrs": [],
      "properties": {
        "id": 4,
        "order": 14,
        "ligatures": "call",
        "prevSize": 32,
        "code": 59395,
        "name": "call"
      },
      "setIdx": 0,
      "setId": 0,
      "iconIdx": 3
    },
    {
      "icon": {
        "paths": [
          "M853.334 170.667h-682.667c-46.933 0-84.907 38.4-84.907 85.333l-0.427 512c0 46.933 38.4 85.333 85.333 85.333h682.667c46.933 0 85.333-38.4 85.333-85.333v-512c0-46.933-38.4-85.333-85.333-85.333zM853.334 341.333l-341.333 213.333-341.333-213.333v-85.333l341.333 213.333 341.333-213.333v85.333z"
        ],
        "attrs": [],
        "isMulticolor": false,
        "isMulticolor2": false,
        "tags": [
          "email"
        ],
        "defaultCode": 59396,
        "grid": 0
      },
      "attrs": [],
      "properties": {
        "id": 5,
        "order": 13,
        "ligatures": "email",
        "prevSize": 32,
        "code": 59396,
        "name": "email"
      },
      "setIdx": 0,
      "setId": 0,
      "iconIdx": 4
    },
    {
      "icon": {
        "paths": [
          "M853.334 85.333h-682.667c-46.933 0-84.907 38.4-84.907 85.333l-0.427 768 170.667-170.667h597.333c46.933 0 85.333-38.4 85.333-85.333v-512c0-46.933-38.4-85.333-85.333-85.333zM768.001 597.333h-512v-85.333h512v85.333zM768.001 469.333h-512v-85.333h512v85.333zM768.001 341.333h-512v-85.333h512v85.333z"
        ],
        "attrs": [],
        "isMulticolor": false,
        "isMulticolor2": false,
        "tags": [
          "message"
        ],
        "defaultCode": 59397,
        "grid": 0
      },
      "attrs": [],
      "properties": {
        "id": 6,
        "order": 12,
        "ligatures": "message",
        "prevSize": 32,
        "code": 59397,
        "name": "message"
      },
      "setIdx": 0,
      "setId": 0,
      "iconIdx": 5
    },
    {
      "icon": {
        "paths": [
          "M853.334 85.333h-682.667c-46.933 0-84.907 38.4-84.907 85.333l-0.427 768 170.667-170.667h597.333c46.933 0 85.333-38.4 85.333-85.333v-512c0-46.933-38.4-85.333-85.333-85.333zM384.001 469.333h-85.333v-85.333h85.333v85.333zM554.668 469.333h-85.333v-85.333h85.333v85.333zM725.334 469.333h-85.333v-85.333h85.333v85.333z"
        ],
        "attrs": [],
        "isMulticolor": false,
        "isMulticolor2": false,
        "tags": [
          "textsms"
        ],
        "defaultCode": 59398,
        "grid": 0
      },
      "attrs": [],
      "properties": {
        "id": 7,
        "order": 11,
        "ligatures": "textsms",
        "prevSize": 32,
        "code": 59398,
        "name": "textsms"
      },
      "setIdx": 0,
      "setId": 0,
      "iconIdx": 6
    },
    {
      "icon": {
        "paths": [
          "M768 85.334h-512c-46.933 0-85.333 38.4-85.333 85.333v682.667c0 46.933 38.4 85.333 85.333 85.333h512c46.933 0 85.333-38.4 85.333-85.333v-682.667c0-46.933-38.4-85.333-85.333-85.333zM256 170.668h213.333v341.333l-106.667-64-106.667 64v-341.333zM256 810.668l128-164.693 91.307 110.080 128-164.693 164.693 219.307h-512z"
        ],
        "attrs": [],
        "isMulticolor": false,
        "isMulticolor2": false,
        "tags": [
          "album"
        ],
        "defaultCode": 59399,
        "grid": 0
      },
      "attrs": [],
      "properties": {
        "id": 8,
        "order": 10,
        "ligatures": "album",
        "prevSize": 32,
        "code": 59399,
        "name": "album"
      },
      "setIdx": 0,
      "setId": 0,
      "iconIdx": 7
    },
    {
      "icon": {
        "paths": [
          "M64.427 896l895.573-384-895.573-384-0.427 298.667 640 85.333-640 85.333z"
        ],
        "attrs": [],
        "isMulticolor": false,
        "isMulticolor2": false,
        "tags": [
          "send"
        ],
        "defaultCode": 59400,
        "grid": 0
      },
      "attrs": [],
      "properties": {
        "id": 9,
        "order": 9,
        "ligatures": "send",
        "prevSize": 32,
        "code": 59400,
        "name": "send"
      },
      "setIdx": 0,
      "setId": 0,
      "iconIdx": 8
    },
    {
      "icon": {
        "paths": [
          "M512 256v128l170.667-170.667-170.667-170.667v128c-188.587 0-341.333 152.747-341.333 341.333 0 66.987 19.627 129.28 52.907 181.76l62.293-62.293c-19.2-35.413-29.867-76.373-29.867-119.467 0-141.227 114.773-256 256-256zM800.427 330.24l-62.293 62.293c18.773 35.84 29.867 76.373 29.867 119.467 0 141.227-114.773 256-256 256v-128l-170.667 170.667 170.667 170.667v-128c188.587 0 341.333-152.747 341.333-341.333 0-66.987-19.627-129.28-52.907-181.76z"
        ],
        "attrs": [],
        "isMulticolor": false,
        "isMulticolor2": false,
        "tags": [
          "refresh"
        ],
        "defaultCode": 59401,
        "grid": 0
      },
      "attrs": [],
      "properties": {
        "id": 10,
        "order": 8,
        "ligatures": "refresh",
        "prevSize": 32,
        "code": 59401,
        "name": "refresh"
      },
      "setIdx": 0,
      "setId": 0,
      "iconIdx": 9
    },
    {
      "icon": {
        "paths": [
          "M853.333 85.333h-682.667c-46.933 0-85.333 38.4-85.333 85.333v682.667c0 46.933 38.4 85.333 85.333 85.333h682.667c46.933 0 85.333-38.4 85.333-85.333v-682.667c0-46.933-38.4-85.333-85.333-85.333zM341.333 853.333h-170.667v-170.667h170.667v170.667zM341.333 597.333h-170.667v-170.667h170.667v170.667zM341.333 341.333h-170.667v-170.667h170.667v170.667zM597.333 853.333h-170.667v-170.667h170.667v170.667zM597.333 597.333h-170.667v-170.667h170.667v170.667zM597.333 341.333h-170.667v-170.667h170.667v170.667zM853.333 853.333h-170.667v-170.667h170.667v170.667zM853.333 597.333h-170.667v-170.667h170.667v170.667zM853.333 341.333h-170.667v-170.667h170.667v170.667z"
        ],
        "attrs": [],
        "isMulticolor": false,
        "isMulticolor2": false,
        "tags": [
          "sudoku"
        ],
        "defaultCode": 59402,
        "grid": 0
      },
      "attrs": [],
      "properties": {
        "id": 11,
        "order": 7,
        "ligatures": "sudoku",
        "prevSize": 32,
        "code": 59402,
        "name": "sudoku"
      },
      "setIdx": 0,
      "setId": 0,
      "iconIdx": 10
    },
    {
      "icon": {
        "paths": [
          "M704 256v490.667c0 94.293-76.373 170.667-170.667 170.667s-170.667-76.373-170.667-170.667v-533.333c0-58.88 47.787-106.667 106.667-106.667s106.667 47.787 106.667 106.667v448c0 23.467-19.2 42.667-42.667 42.667s-42.667-19.2-42.667-42.667v-405.333h-64v405.333c0 58.88 47.787 106.667 106.667 106.667s106.667-47.787 106.667-106.667v-448c0-94.293-76.373-170.667-170.667-170.667s-170.667 76.373-170.667 170.667v533.333c0 129.707 104.96 234.667 234.667 234.667s234.667-104.96 234.667-234.667v-490.667h-64z"
        ],
        "attrs": [],
        "isMulticolor": false,
        "isMulticolor2": false,
        "tags": [
          "attach"
        ],
        "defaultCode": 59403,
        "grid": 0
      },
      "attrs": [],
      "properties": {
        "id": 12,
        "order": 6,
        "ligatures": "attach",
        "prevSize": 32,
        "code": 59403,
        "name": "attach"
      },
      "setIdx": 0,
      "setId": 0,
      "iconIdx": 11
    },
    {
      "icon": {
        "paths": [
          "M549.121 642.986l-108.373-107.093 1.28-1.28c74.24-82.773 127.147-177.92 158.293-278.613h125.013v-85.333h-298.667v-85.333h-85.333v85.333h-298.667v84.907h476.587c-28.587 82.347-73.813 160.427-135.253 228.693-39.68-43.947-72.533-92.16-98.56-142.933h-85.333c31.147 69.547 73.813 135.253 127.147 194.56l-217.173 214.187 60.587 60.587 213.333-213.333 132.693 132.693 32.427-87.040zM789.334 426.666h-85.333l-192 512h85.333l47.787-128h202.667l48.213 128h85.333l-192-512zM677.548 725.332l69.12-184.747 69.12 184.747h-138.24z"
        ],
        "attrs": [
          {}
        ],
        "isMulticolor": false,
        "isMulticolor2": false,
        "grid": 0,
        "tags": [
          "ic_translate_black_24px"
        ]
      },
      "attrs": [
        {}
      ],
      "properties": {
        "order": 18,
        "id": 16,
        "name": "translate",
        "prevSize": 32,
        "code": 59404,
        "ligatures": "translate"
      },
      "setIdx": 0,
      "setId": 0,
      "iconIdx": 12
    },
    {
      "icon": {
        "paths": [
          "M657.493 316.16l-60.16-60.16-256 256 256 256 60.16-60.16-195.413-195.84z"
        ],
        "attrs": [],
        "isMulticolor": false,
        "isMulticolor2": false,
        "tags": [
          "before"
        ],
        "defaultCode": 59404,
        "grid": 0
      },
      "attrs": [],
      "properties": {
        "id": 13,
        "order": 3,
        "ligatures": "backwast",
        "prevSize": 32,
        "code": 59405,
        "name": "backward"
      },
      "setIdx": 0,
      "setId": 0,
      "iconIdx": 13
    },
    {
      "icon": {
        "paths": [
          "M426.667 256l-60.16 60.16 195.413 195.84-195.413 195.84 60.16 60.16 256-256z"
        ],
        "attrs": [],
        "isMulticolor": false,
        "isMulticolor2": false,
        "tags": [
          "next"
        ],
        "defaultCode": 59405,
        "grid": 0
      },
      "attrs": [],
      "properties": {
        "id": 14,
        "order": 4,
        "ligatures": "forward",
        "prevSize": 32,
        "code": 59406,
        "name": "forward"
      },
      "setIdx": 0,
      "setId": 0,
      "iconIdx": 14
    },
    {
      "icon": {
        "paths": [
          "M810.667 273.493l-60.16-60.16-238.507 238.507-238.507-238.507-60.16 60.16 238.507 238.507-238.507 238.507 60.16 60.16 238.507-238.507 238.507 238.507 60.16-60.16-238.507-238.507z"
        ],
        "attrs": [],
        "isMulticolor": false,
        "isMulticolor2": false,
        "tags": [
          "close"
        ],
        "defaultCode": 59406,
        "grid": 0
      },
      "attrs": [],
      "properties": {
        "id": 15,
        "order": 5,
        "ligatures": "close",
        "prevSize": 32,
        "code": 59407,
        "name": "close"
      },
      "setIdx": 0,
      "setId": 0,
      "iconIdx": 15
    }
  ],
  "height": 1024,
  "metadata": {
    "name": "NettasGardinsomnad",
    "url": "http://nettas.se",
    "designer": "Google",
    "designerURL": "https://material.io/icons/"
  },
  "preferences": {
    "showGlyphs": true,
    "showCodes": true,
    "showQuickUse": true,
    "showQuickUse2": true,
    "showSVGs": true,
    "fontPref": {
      "prefix": "icon_",
      "metadata": {
        "fontFamily": "NettasGardinsomnad",
        "majorVersion": 1,
        "minorVersion": 0,
        "designerURL": "https://material.io/icons/",
        "designer": "Google",
        "fontURL": "http://nettas.se",
        "description": "Private set"
      },
      "metrics": {
        "emSize": 1024,
        "baseline": 6.25,
        "whitespace": 50
      },
      "includeMetadata": false,
      "embed": true,
      "cssVars": true,
      "cssVarsFormat": "scss",
      "showSelector": true,
      "selector": "",
      "noie8": true,
      "ie7": false,
      "showMetrics": true,
      "showMetadata": false,
      "classSelector": ".icon"
    },
    "imagePref": {
      "prefix": "icon-",
      "png": true,
      "useClassSelector": true,
      "color": 0,
      "bgColor": 16777215
    },
    "historySize": 50,
    "showLiga": false,
    "gridSize": 16
  }
}